715b5f,::1,DELETE,http://localhost:8888/CPD/ecc3.dev/html/index_dev.php/ecadmin/store/plugin/22/uninstall,1510217836,,302
ddd506,::1,GET,http://localhost:8888/CPD/ecc3.dev/html/index_dev.php/ecadmin/store/plugin,1510217837,,200
4e545b,::1,POST,http://localhost:8888/CPD/ecc3.dev/html/index_dev.php/shopping/confirm,1510217841,,302
d0aad3,127.0.0.1,GET,http://localhost:8888/CPD/ecc3.dev/html/index_dev.php/block/cart,1510217842,95a468,200
02c1ef,127.0.0.1,GET,http://localhost:8888/CPD/ecc3.dev/html/index_dev.php/block/search_product,1510217843,95a468,200
387645,127.0.0.1,GET,http://localhost:8888/CPD/ecc3.dev/html/index_dev.php/block/login,1510217843,95a468,200
330bba,127.0.0.1,GET,http://localhost:8888/CPD/ecc3.dev/html/index_dev.php/block/category,1510217843,95a468,200
95a468,::1,GET,http://localhost:8888/CPD/ecc3.dev/html/index_dev.php/cart,1510217843,,200
c30362,127.0.0.1,GET,http://localhost:8888/CPD/ecc3.dev/html/index_dev.php/block/cart,1510217847,2f35e0,200
577e32,127.0.0.1,GET,http://localhost:8888/CPD/ecc3.dev/html/index_dev.php/block/search_product,1510217847,2f35e0,200
ae0609,127.0.0.1,GET,http://localhost:8888/CPD/ecc3.dev/html/index_dev.php/block/login,1510217847,2f35e0,200
cb8f9d,127.0.0.1,GET,http://localhost:8888/CPD/ecc3.dev/html/index_dev.php/block/category,1510217847,2f35e0,200
2f35e0,::1,GET,http://localhost:8888/CPD/ecc3.dev/html/index_dev.php/products/list?category_id=4,1510217847,,200
5cf6c7,127.0.0.1,GET,http://localhost:8888/CPD/ecc3.dev/html/index_dev.php/block/cart,1510217850,78eba4,200
df85b4,127.0.0.1,GET,http://localhost:8888/CPD/ecc3.dev/html/index_dev.php/block/search_product,1510217850,78eba4,200
e6ef76,127.0.0.1,GET,http://localhost:8888/CPD/ecc3.dev/html/index_dev.php/block/login,1510217850,78eba4,200
49ab5f,127.0.0.1,GET,http://localhost:8888/CPD/ecc3.dev/html/index_dev.php/block/category,1510217850,78eba4,200
78eba4,::1,GET,http://localhost:8888/CPD/ecc3.dev/html/index_dev.php/products/detail/2,1510217850,,200
6592de,::1,POST,http://localhost:8888/CPD/ecc3.dev/html/index_dev.php/products/detail/2,1510217853,,302
213763,127.0.0.1,GET,http://localhost:8888/CPD/ecc3.dev/html/index_dev.php/block/cart,1510217853,eade71,200
21e616,127.0.0.1,GET,http://localhost:8888/CPD/ecc3.dev/html/index_dev.php/block/search_product,1510217854,eade71,200
4a03a8,127.0.0.1,GET,http://localhost:8888/CPD/ecc3.dev/html/index_dev.php/block/login,1510217854,eade71,200
2ecc01,127.0.0.1,GET,http://localhost:8888/CPD/ecc3.dev/html/index_dev.php/block/category,1510217854,eade71,200
eade71,::1,GET,http://localhost:8888/CPD/ecc3.dev/html/index_dev.php/cart,1510217854,,200
ebb95c,::1,GET,http://localhost:8888/CPD/ecc3.dev/html/index_dev.php/cart/buystep,1510217856,,302
99d314,127.0.0.1,GET,http://localhost:8888/CPD/ecc3.dev/html/index_dev.php/block/cart,1510217857,671a82,200
1d8a7e,127.0.0.1,GET,http://localhost:8888/CPD/ecc3.dev/html/index_dev.php/block/search_product,1510217857,671a82,200
adbaee,127.0.0.1,GET,http://localhost:8888/CPD/ecc3.dev/html/index_dev.php/block/login,1510217857,671a82,200
a7c514,127.0.0.1,GET,http://localhost:8888/CPD/ecc3.dev/html/index_dev.php/block/category,1510217857,671a82,200
671a82,::1,GET,http://localhost:8888/CPD/ecc3.dev/html/index_dev.php/shopping,1510217857,,200
909768,::1,POST,http://localhost:8888/CPD/ecc3.dev/html/index_dev.php/shopping/confirm,1510217865,,302
0d0c1a,127.0.0.1,GET,http://localhost:8888/CPD/ecc3.dev/html/index_dev.php/block/cart,1510217866,1c3ed0,200
62a528,127.0.0.1,GET,http://localhost:8888/CPD/ecc3.dev/html/index_dev.php/block/search_product,1510217866,1c3ed0,200
9e6fe7,127.0.0.1,GET,http://localhost:8888/CPD/ecc3.dev/html/index_dev.php/block/login,1510217866,1c3ed0,200
f2c263,127.0.0.1,GET,http://localhost:8888/CPD/ecc3.dev/html/index_dev.php/block/category,1510217866,1c3ed0,200
1c3ed0,::1,GET,http://localhost:8888/CPD/ecc3.dev/html/index_dev.php/shopping/complete,1510217866,,200
e5d79c,127.0.0.1,GET,http://localhost:8888/CPD/ecc3.dev/html/index_dev.php/block/cart,1510217873,1db16a,200
9aaaa0,127.0.0.1,GET,http://localhost:8888/CPD/ecc3.dev/html/index_dev.php/block/search_product,1510217873,1db16a,200
c78c75,127.0.0.1,GET,http://localhost:8888/CPD/ecc3.dev/html/index_dev.php/block/login,1510217873,1db16a,200
b55e60,127.0.0.1,GET,http://localhost:8888/CPD/ecc3.dev/html/index_dev.php/block/category,1510217873,1db16a,200
1db16a,::1,GET,http://localhost:8888/CPD/ecc3.dev/html/index_dev.php/products/list?category_id=4,1510217873,,200
f15abb,127.0.0.1,GET,http://localhost:8888/CPD/ecc3.dev/html/index_dev.php/block/cart,1510217875,0867c9,200
648897,127.0.0.1,GET,http://localhost:8888/CPD/ecc3.dev/html/index_dev.php/block/search_product,1510217875,0867c9,200
9fa861,127.0.0.1,GET,http://localhost:8888/CPD/ecc3.dev/html/index_dev.php/block/login,1510217875,0867c9,200
a94be8,127.0.0.1,GET,http://localhost:8888/CPD/ecc3.dev/html/index_dev.php/block/category,1510217875,0867c9,200
0867c9,::1,GET,http://localhost:8888/CPD/ecc3.dev/html/index_dev.php/products/detail/2,1510217875,,200
eefe9e,::1,POST,http://localhost:8888/CPD/ecc3.dev/html/index_dev.php/products/detail/2,1510217879,,302
1f5c94,127.0.0.1,GET,http://localhost:8888/CPD/ecc3.dev/html/index_dev.php/block/cart,1510217880,32a2fc,200
c6a103,127.0.0.1,GET,http://localhost:8888/CPD/ecc3.dev/html/index_dev.php/block/search_product,1510217880,32a2fc,200
ec6167,127.0.0.1,GET,http://localhost:8888/CPD/ecc3.dev/html/index_dev.php/block/login,1510217880,32a2fc,200
82d8af,127.0.0.1,GET,http://localhost:8888/CPD/ecc3.dev/html/index_dev.php/block/category,1510217880,32a2fc,200
32a2fc,::1,GET,http://localhost:8888/CPD/ecc3.dev/html/index_dev.php/cart,1510217880,,200
efa4de,::1,GET,http://localhost:8888/CPD/ecc3.dev/html/index_dev.php/cart/buystep,1510217883,,302
32603a,127.0.0.1,GET,http://localhost:8888/CPD/ecc3.dev/html/index_dev.php/block/cart,1510217884,96ad17,200
9698aa,127.0.0.1,GET,http://localhost:8888/CPD/ecc3.dev/html/index_dev.php/block/search_product,1510217884,96ad17,200
071ed2,127.0.0.1,GET,http://localhost:8888/CPD/ecc3.dev/html/index_dev.php/block/login,1510217884,96ad17,200
4c29df,127.0.0.1,GET,http://localhost:8888/CPD/ecc3.dev/html/index_dev.php/block/category,1510217884,96ad17,200
96ad17,::1,GET,http://localhost:8888/CPD/ecc3.dev/html/index_dev.php/shopping,1510217884,,200
ee5a94,127.0.0.1,GET,http://localhost:8888/CPD/ecc3.dev/html/index_dev.php/block/cart,1510217889,e4b11a,200
9cb7df,127.0.0.1,GET,http://localhost:8888/CPD/ecc3.dev/html/index_dev.php/block/search_product,1510217889,e4b11a,200
cb6b4d,127.0.0.1,GET,http://localhost:8888/CPD/ecc3.dev/html/index_dev.php/block/login,1510217889,e4b11a,200
8eea87,127.0.0.1,GET,http://localhost:8888/CPD/ecc3.dev/html/index_dev.php/block/category,1510217889,e4b11a,200
e4b11a,::1,GET,http://localhost:8888/CPD/ecc3.dev/html/index_dev.php/cart,1510217889,,200
28d613,::1,PUT,http://localhost:8888/CPD/ecc3.dev/html/index_dev.php/cart/up/10,1510217892,,302
1c9673,127.0.0.1,GET,http://localhost:8888/CPD/ecc3.dev/html/index_dev.php/block/cart,1510217893,4be785,200
5a621d,127.0.0.1,GET,http://localhost:8888/CPD/ecc3.dev/html/index_dev.php/block/search_product,1510217893,4be785,200
fb1eff,127.0.0.1,GET,http://localhost:8888/CPD/ecc3.dev/html/index_dev.php/block/login,1510217893,4be785,200
8b7ebc,127.0.0.1,GET,http://localhost:8888/CPD/ecc3.dev/html/index_dev.php/block/category,1510217893,4be785,200
4be785,::1,GET,http://localhost:8888/CPD/ecc3.dev/html/index_dev.php/cart,1510217893,,200
cf1530,::1,GET,http://localhost:8888/CPD/ecc3.dev/html/index_dev.php/cart/buystep,1510217896,,302
8d5a51,127.0.0.1,GET,http://localhost:8888/CPD/ecc3.dev/html/index_dev.php/block/cart,1510217897,f5eb06,200
3f4fb3,127.0.0.1,GET,http://localhost:8888/CPD/ecc3.dev/html/index_dev.php/block/search_product,1510217897,f5eb06,200
de89ec,127.0.0.1,GET,http://localhost:8888/CPD/ecc3.dev/html/index_dev.php/block/login,1510217897,f5eb06,200
83fbe3,127.0.0.1,GET,http://localhost:8888/CPD/ecc3.dev/html/index_dev.php/block/category,1510217897,f5eb06,200
f5eb06,::1,GET,http://localhost:8888/CPD/ecc3.dev/html/index_dev.php/shopping,1510217897,,200
4a5c43,::1,POST,http://localhost:8888/CPD/ecc3.dev/html/index_dev.php/shopping/payment,1510217906,,302
d2afc7,127.0.0.1,GET,http://localhost:8888/CPD/ecc3.dev/html/index_dev.php/block/cart,1510217907,8ac536,200
26a1ee,127.0.0.1,GET,http://localhost:8888/CPD/ecc3.dev/html/index_dev.php/block/search_product,1510217907,8ac536,200
b7f9f1,127.0.0.1,GET,http://localhost:8888/CPD/ecc3.dev/html/index_dev.php/block/login,1510217907,8ac536,200
a5e925,127.0.0.1,GET,http://localhost:8888/CPD/ecc3.dev/html/index_dev.php/block/category,1510217907,8ac536,200
8ac536,::1,GET,http://localhost:8888/CPD/ecc3.dev/html/index_dev.php/shopping,1510217907,,200
3d8d72,::1,POST,http://localhost:8888/CPD/ecc3.dev/html/index_dev.php/shopping/confirm,1510217932,,302
a3a367,127.0.0.1,GET,http://localhost:8888/CPD/ecc3.dev/html/index_dev.php/block/cart,1510217933,46a89a,200
ec12b1,127.0.0.1,GET,http://localhost:8888/CPD/ecc3.dev/html/index_dev.php/block/search_product,1510217933,46a89a,200
da849b,127.0.0.1,GET,http://localhost:8888/CPD/ecc3.dev/html/index_dev.php/block/login,1510217933,46a89a,200
e8a093,127.0.0.1,GET,http://localhost:8888/CPD/ecc3.dev/html/index_dev.php/block/category,1510217933,46a89a,200
46a89a,::1,GET,http://localhost:8888/CPD/ecc3.dev/html/index_dev.php/shopping/complete,1510217933,,200
